,name_last,name_first,key_mlbam
0,aardsma,david,430911
1,abad,fernando,472551
2,abbott,cory,676265
3,abreu,albert,656061
4,abreu,bryan,650556
5,acevedo,domingo,642758
6,achter,a. j.,592091
7,adam,jason,592094
8,adams,austin,613534
9,adams,austin,542866
10,adams,chance,664856
11,adcock,nathan,502264
12,adleman,tim,534947
13,adrianza,ehire,501303
14,affeldt,jeremy,346793
15,agrazal,dario,642607
16,akin,keegan,669211
17,alaniz,r. j.,595798
18,albers,andrew,452027
19,albers,matt,458006
20,alberto,hanser,593643
21,alburquerque,al,456379
22,alcala,jorge,660896
23,alcantara,raul,593417
24,alcantara,sandy,645261
25,alcantara,victor,622505
26,alexander,scott,518397
27,alexander,tyler,641302
28,allard,kolby,663465
29,allen,cody,592102
30,allen,logan,663531
31,allgeyer,nick,680430
32,almonte,miguel,602083
33,almonte,yency,622075
34,almora,albert,546991
35,altavilla,dan,656186
36,altherr,aaron,571437
37,alvarado,jose,621237
38,alvarez,dario,516714
39,alvarez,henderson,506693
40,alvarez,jose,501625
41,alvarez,r. j.,571439
42,alzolay,adbert,640470
43,amarista,alexi,506560
44,anderson,brett,474463
45,anderson,chase,502624
46,anderson,cody,594736
47,anderson,drew,623454
48,anderson,ian,666120
49,anderson,justin,605121
50,anderson,nick,623433
51,anderson,shaun,641312
52,anderson,tanner,664196
53,anderson,tyler,542881
54,andriese,matt,542882
55,antolin,dustin,542884
56,antone,tejay,622088
57,aoki,nori,493114
58,aquino,jayson,593969
59,arano,victor,644364
60,araujo,elvis,542587
61,araujo,pedro,606478
62,archer,chris,502042
63,arcia,francisco,516472
64,arcia,orlando,606115
65,arihara,kohei,685503
66,armenteros,rogelio,660494
67,armstrong,shawn,542888
68,aro,jonathan,608167
69,arrieta,jake,453562
70,arroyo,bronson,276520
71,arroyo,christian,624414
72,arteaga,humberto,600858
73,ashby,aaron,676879
74,asher,alec,594742
75,astin,barrett,592120
76,astudillo,willians,553902
77,atchison,scott,425786
78,aumont,phillippe,518418
79,avila,alex,488671
80,avila,pedro,658648
81,avilan,luis,501593
82,axelrod,dylan,518420
83,axford,john,446099
84,aybar,erick,430947
85,bacus,dakota,621290
86,badenhop,burke,488674
87,báez,michel,673258
88,baez,pedro,520980
89,baez,sandy,622783
90,bailey,andrew,457732
91,bailey,brandon,669064
92,bailey,homer,456701
93,baker,scott,435044
94,balester,collin,444446
95,balfour,grant,346797
96,banda,anthony,607455
97,banuelos,manny,544365
98,baragar,caleb,670056
99,barbato,johnny,592127
100,bard,daniel,453268
101,bard,luke,572703
102,barlow,joe,669618
103,barlow,scott,605130
104,barnes,charlie,656212
105,barnes,danny,592130
106,barnes,jacob,606930
107,barnes,matt,598264
108,barnette,tony,501817
109,barney,darwin,446381
110,barraclough,kyle,607457
111,barrett,aaron,502578
112,barrett,jake,545332
113,barria,jaime,642545
114,barrios,yhonathan,553872
115,bashlor,tyler,641341
116,bass,anthony,542914
117,bassitt,chris,605135
118,bastardo,antonio,455374
119,bauer,trevor,545333
120,baumann,buddy,571473
121,bautista,gerson,639373
122,bazardo,eduard,660825
123,beachy,brandon,545404
124,beasley,jeremy,676886
125,beato,pedro,474039
126,beck,chris,571476
127,bednar,david,670280
128,bedrosian,cam,592135
129,beede,tyler,595881
130,beeks,jalen,656222
131,beeler,dallas,542923
132,beimel,joe,346847
133,belisario,ronald,430613
134,belisle,matt,279571
135,beliveau,jeff,542924
136,bell,chad,518445
137,bellatti,andrew,571479
138,bemboom,anthony,621532
139,bender,anthony,669622
140,benjamin,wes,605138
141,benoit,joaquin,276542
142,bergen,travis,664157
143,bergman,christian,548357
144,berrios,jose,621244
145,betances,dellin,476454
146,betancourt,rafael,429783
147,bethancourt,christian,542194
148,bettinger,alec,676424
149,bettis,chad,518452
150,biagini,joe,607352
151,bibens-dirkx,austin,502212
152,bickford,phil,641360
153,biddle,jesse,592145
154,bieber,shane,669456
155,bielak,brandon,656232
156,billingsley,chad,451532
157,bird,kyle,613317
158,blach,ty,621389
159,black,ray,605143
160,blackburn,paul,621112
161,blair,aaron,594760
162,blanco,andres,433217
163,blandino,alex,607468
164,blanton,joe,430599
165,blazek,michael,518468
166,bleich,jeremy,542946
167,bleier,richard,542947
168,blevins,jerry,460283
169,blewett,scott,656240
170,bochy,brett,594762
171,bolanos,ronald,671790
172,bolsinger,mike,502211
173,bonilla,lisalverto,570810
174,borucki,ryan,621366
175,boscan,wilfredo,517448
176,boshers,buddy,542953
177,bourque,james,630263
178,bowden,ben,641386
179,bowman,matthew,621199
180,boxberger,brad,502202
181,boyd,matt,571510
182,boyer,blaine,430641
183,brach,brad,542960
184,bracho,silvino,611093
185,bradford,chase,607473
186,bradley,archie,605151
187,bradley,jed,605152
188,brady,michael,572728
189,brantly,rob,542963
190,brasier,ryan,518489
191,brault,steven,643230
192,braymer,ben,664069
193,brebbia,john,605154
194,brennan,brandon,592165
195,brentz,jake,641394
196,breslow,craig,444520
197,brewer,colten,605155
198,brice,austin,592169
199,bridwell,parker,592170
200,brigham,jake,502010
201,brigham,jeff,656257
202,britton,zack,502154
203,broadway,mike,458678
204,brogdon,connor,641401
205,brooks,aaron,605156
206,brosseau,mike,670712
207,brothers,rex,571521
208,brown,brooks,453156
209,broxton,jonathan,455009
210,brubaker,jt,664141
211,bubic,kris,663460
212,buchanan,david,571527
213,buchanan,jake,594772
214,buchholz,clay,453329
215,buchter,ryan,488748
216,buehler,walker,621111
217,buehrle,mark,279824
218,bukauskas,j. b.,656266
219,bumgarner,madison,518516
220,bummer,aaron,607481
221,bundy,dylan,605164
222,burawa,danny,592181
223,burdi,nick,595897
224,burdi,zack,641420
225,burgos,enrique,542609
226,burke,brock,656271
227,burnes,corbin,669203
228,burnett,a. j.,150359
229,burnett,sean,430634
230,burns,andy,542992
231,burr,ryan,621114
232,burrows,beau,663366
233,buschmann,matt,501936
234,busenitz,alan,641427
235,bush,matt,456713
236,butera,drew,460077
237,butler,eddie,572750
238,buttrey,ty,621142
239,cabral,cesar,501627
240,cabrera,asdrubal,452678
241,cabrera,genesis,650893
242,cabrera,mauricio,606291
243,cahill,trevor,502239
244,cain,matt,430912
245,callahan,jamie,621094
246,camarena,dan,547176
247,caminero,arquimedes,491708
248,campbell,paul,669294
249,campos,leonel,599998
250,campos,vicente,553883
251,canning,griffin,656288
252,capps,carter,605169
253,capuano,chris,425626
254,carasiti,matt,571539
255,caratini,victor,605170
256,carle,shane,641438
257,carlyle,buddy,234194
258,carpenter,david,502304
259,carpenter,david,518526
260,carpenter,matt,572761
261,carpenter,ryan,543001
262,carrasco,carlos,471911
263,carroll,cody,606944
264,carroll,scott,453222
265,cashner,andrew,488768
266,casilla,santiago,433586
267,castano,daniel,641447
268,castellani,ryan,624418
269,castellanos,humberto,528748
270,castillo,diego,650895
271,castillo,fabio,503566
272,castillo,jose,620454
273,castillo,luis,622491
274,castro,angel,502162
275,castro,anthony,621593
276,castro,harold,605612
277,castro,miguel,612434
278,castro,simon,501563
279,cease,dylan,656302
280,cecil,brett,446399
281,cedeno,xavier,458584
282,cederlind,blake,664977
283,cervenka,hunter,543017
284,cessa,luis,570666
285,chacin,alejandro,591701
286,chacin,jhoulys,468504
287,chafin,andrew,605177
288,chamberlain,joba,501955
289,chapman,aroldis,547973
290,chapman,kevin,502087
291,chargois,j. t.,608638
292,chatwood,tyler,543022
293,chavez,jesse,445926
294,chen,bruce,136600
295,chen,wei-yin,612672
296,chirinos,yonny,630023
297,choate,randy,329092
298,cimber,adam,643256
299,cingrani,tony,571561
300,cishek,steve,518553
301,cisnero,jose,542585
302,civale,aaron,650644
303,claiborne,preston,502011
304,clarke,taylor,664199
305,clase,emmanuel,661403
306,claudio,alex,592222
307,clay,sam,621348
308,cleavinger,garrett,664076
309,clemens,paul,518560
310,clevinger,mike,605182
311,clippard,tyler,461325
312,cloyd,tyler,543031
313,cobb,alex,502171
314,cody,kyle,621129
315,coke,phil,457435
316,cole,a. j.,595918
317,cole,gerrit,543037
318,cole,taylor,518566
319,coleman,louis,488786
320,colina,edwar,666674
321,collins,tim,525768
322,collmenter,josh,518567
323,colome,alex,517008
324,colon,bartolo,112526
325,colon,joe,571572
326,concepción,gerardo,615868
327,conley,adam,543045
328,conlon,p. j.,664869
329,contreras,carlos,542266
330,cook,ryan,475857
331,cooney,tim,608641
332,coonrod,sam,656322
333,copeland,scott,571577
334,corbin,patrick,571578
335,corcino,daniel,542289
336,cordero,jimmy,622772
337,cordier,erik,449170
338,cornely,john,607405
339,correia,kevin,429781
340,cortes,nestor,641482
341,cosart,jarred,543054
342,cotham,caleb,571584
343,cotton,jharel,605194
344,cotts,neal,425840
345,coulombe,danny,543056
346,cousins,jake,664776
347,covey,dylan,592229
348,cravy,tyler,572788
349,crichton,stefan,592233
350,crick,kyle,605195
351,crismatt,nabil,622503
352,crochet,garrett,676979
353,crockett,kyle,641490
354,cronenworth,jake,630105
355,crowe,wil,640444
356,cruz,jesus,672911
357,cruz,rhiner,462480
358,cueto,johnny,456501
359,cuevas,william,571035
360,culberson,charlie,518586
361,cumpton,brandon,592238
362,cunniff,brandon,594792
363,curtis,zac,657205
364,curtiss,john,595928
365,d'arnaud,chase,488818
366,danish,tyler,641501
367,danks,john,433579
368,darvish,yu,506433
369,davidson,matt,571602
370,davidson,tucker,656353
371,davies,kyle,434678
372,davies,zach,605200
373,davis,austin,656354
374,davis,chris,448801
375,davis,ike,477195
376,davis,j. d.,605204
377,davis,rookie,606959
378,davis,taylor,543089
379,davis,wade,451584
380,dayton,grant,594795
381,de fratus,justin,518603
382,de geus,brett,676969
383,de jong,chase,608328
384,de la cruz,joel,503444
385,de la rosa,jorge,407822
386,de la rosa,rubby,523989
387,de leon,jose,592254
388,de los santos,abel,593582
389,de los santos,enyel,660853
390,de paula,jose,517059
391,dean,pat,534737
392,decker,jaff,543094
393,deduno,sam,465679
394,deetz,dean,657209
395,degrom,jacob,594798
396,del pozo,miguel,600887
397,delabar,steve,447755
398,delgado,randall,517414
399,demeritte,travis,641513
400,denorfia,chris,456121
401,dermody,matt,571616
402,descalso,daniel,518614
403,desclafani,anthony,543101
404,desmond,ian,435622
405,despaigne,odrisamer,628333
406,detwiler,ross,446321
407,devenski,chris,606965
408,diamond,scott,539438
409,diaz,dayan,500765
410,diaz,edwin,621242
411,diaz,jairo,545064
412,diaz,jumbo,471822
413,diaz,miguel,622766
414,diaz,yennsy,660546
415,dickey,r. a.,285079
416,diehl,phillip,670426
417,diekman,jake,518617
418,difo,wilmer,594694
419,dixon,brandon,641525
420,dobnak,randy,677976
421,dolis,rafael,503569
422,dominguez,jose,523848
423,dominguez,seranthony,622554
424,doolittle,sean,448281
425,doubront,felix,467094
426,doval,camilo,666808
427,dowdy,kyle,664871
428,doyle,tommy,656382
429,dozier,brian,572821
430,drabek,kyle,475138
431,drake,oliver,543118
432,duensing,brian,488846
433,duffey,tyler,608648
434,duffy,danny,518633
435,duffy,matt,622110
436,dugger,robert,667498
437,duke,zach,435043
438,dull,ryan,623430
439,dunn,justin,643290
440,dunn,mike,445197
441,dunning,dane,641540
442,duplantier,jon,641541
443,durapau,montana,657566
444,dyson,sam,473879
445,eades,ryan,592280
446,edgin,josh,572831
447,edwards,carl,605218
448,edwards,jon,457754
449,eflin,zach,621107
450,ege,cody,643297
451,eibner,brett,518649
452,eickhoff,jerad,595191
453,elias,roenis,606273
454,elledge,seth,676220
455,ellington,brian,623395
456,ellis,chris,595939
457,elmore,jake,518653
458,emanuel,kent,592288
459,enns,dietrich,608650
460,eovaldi,nathan,543135
461,erlin,robbie,572362
462,ervin,phil,640447
463,esch,jake,605222
464,escobar,eduardo,500871
465,escobar,edwin,546276
466,escobar,luis,650813
467,eshelman,thomas,664045
468,espinal,santiago,669289
469,espino,paolo,502179
470,estevez,carlos,608032
471,estrada,marco,462136
472,evans,demarcus,663770
473,evans,phillip,595943
474,eveland,dana,445968
475,fairbanks,pete,664126
476,falter,bailey,663559
477,familia,jeurys,544727
478,faria,jake,607188
479,farmer,buck,571656
480,farquhar,danny,543144
481,farrell,luke,608652
482,faulkner,andrew,605226
483,fedde,erick,607200
484,federowicz,tim,543148
485,feierabend,ryan,456387
486,feldman,scott,444857
487,feliz,michael,593140
488,feliz,neftali,491703
489,ferguson,caleb,657571
490,fernandez,jose,622774
491,fernandez,jose,605228
492,fernandez,junior,658551
493,ferrell,jeff,594815
494,festa,matthew,670036
495,feyereisen,j. p.,656420
496,field,johnny,608654
497,fields,josh,451661
498,fien,casey,502272
499,fiers,mike,571666
500,fillmyer,heath,641571
501,finnegan,brandon,605232
502,finnegan,kyle,640448
503,fister,doug,450729
504,flaa,jay,664852
505,flaherty,jack,656427
506,flaherty,ryan,475247
507,flande,yohan,456071
508,fleming,josh,676596
509,fletcher,aaron,667465
510,flexen,chris,623167
511,flores,bernardo,641576
512,flores,kendry,572309
513,florimon,pedro,465753
514,floro,dylan,571670
515,floyd,gavin,425856
516,flynn,brian,543169
517,foley,jason,671345
518,foltynewicz,mike,592314
519,font,wilmer,521655
520,ford,mike,645801
521,forsythe,logan,523253
522,foster,matt,641582
523,france,ty,664034
524,francis,jeff,433585
525,franco,enderson,575070
526,francoeur,jeff,425796
527,franklin,nick,545338
528,frankoff,seth,571676
529,frare,caleb,621350
530,frasor,jason,430630
531,frazier,todd,453943
532,freeland,kyle,607536
533,freeman,mike,502273
534,freeman,sam,518693
535,frias,carlos,516910
536,fried,max,608331
537,friedrich,christian,543184
538,frieri,ernesto,457117
539,fry,jace,605240
540,fry,paul,643316
541,fuentes,joshua,658069
542,fujikawa,kyuji,493117
543,fulmer,carson,608334
544,fulmer,michael,605242
545,funkhouser,kyle,608335
546,furbush,charlie,518703
547,gagnon,drew,543193
548,gallardo,yovani,451596
549,gallegos,giovanny,606149
550,gallen,zac,668678
551,gamboa,eddie,543195
552,gant,john,607231
553,garces,frank,571057
554,garcia,bryan,650530
555,garcia,deivi,665620
556,garcia,edgar,658305
557,garcia,greg,594824
558,garcia,jaime,448802
559,garcia,jarlin,606424
560,garcia,jason,592329
561,garcia,leury,544725
562,garcia,luis,677651
563,garcia,luis,472610
564,garcía,onelki,607162
565,garcia,rico,670329
566,garcia,robel,596825
567,garcia,rony,665621
568,garcia,yimi,554340
569,gardewine,nick,643320
570,garner,perci,592330
571,garrett,amir,607237
572,garrett,braxton,666129
573,garrett,reed,657585
574,garton,ryan,623439
575,garver,mitch,641598
576,garza,justin,621057
577,garza,matt,490063
578,garza,ralph,621248
579,gausman,kevin,592332
580,gaviglio,sam,543208
581,gearrin,cory,518715
582,gee,dillon,518716
583,geltz,steve,544993
584,gennett,scooter,571697
585,gerber,joey,680702
586,german,domingo,593334
587,germen,gonzalez,542674
588,gibaut,ian,664139
589,gibson,kyle,502043
590,gilbert,logan,669302
591,gilbreath,lucas,656458
592,giles,ken,571704
593,gilmartin,sean,543219
594,gimenez,chris,460269
595,ginkel,kevin,656464
596,giolito,lucas,608337
597,girodo,chad,643325
598,givens,mychal,571710
599,glasnow,tyler,607192
600,glover,koda,606983
601,godley,zack,643327
602,goeddel,erik,592340
603,goforth,david,592341
604,gohara,luiz,627894
605,goins,ryan,572365
606,goldberg,brad,643329
607,gomber,austin,596295
608,gomes,brandon,460156
609,gomes,jonny,430404
610,gomez,carlos,460576
611,gomez,jeanmar,491646
612,gomez,roberto,596816
613,gonsalves,stephen,624427
614,gonsolin,tony,664062
615,gonzales,marco,594835
616,gonzalez,chi chi,592346
617,gonzalez,gio,461829
618,gonzalez,marwin,503556
619,gonzalez,merandy,642571
620,gonzalez,miguel,456068
621,gonzalez,severino,605894
622,gonzalez,victor,624647
623,goody,nick,580792
624,gordon,alex,460086
625,gorzelanny,tom,452733
626,gossett,daniel,605254
627,gott,trevor,641627
628,goudeau,ashton,623485
629,grace,matt,594840
630,graham,j. r.,543242
631,graterol,brusdar,660813
632,graveman,kendall,608665
633,graves,brett,605255
634,gray,jon,592351
635,gray,josiah,680686
636,gray,sonny,543243
637,green,chad,643338
638,greene,shane,572888
639,greenwood,nick,572889
640,gregerson,luke,502381
641,gregg,kevin,276514
642,greinke,zack,425844
643,griffin,a. j.,456167
644,griffin,foster,656492
645,grilli,jason,276351
646,grimm,justin,518748
647,grotz,zac,665093
648,gsellman,robert,607229
649,guaipe,mayckol,515052
650,guduan,reymin,594056
651,guerra,deolis,500610
652,guerra,javy,642770
653,guerra,javy,457915
654,guerra,junior,448855
655,guerrero,tayron,594027
656,guerrieri,taylor,605260
657,guilbeau,taylor,607555
658,guillorme,luis,641645
659,guilmet,preston,543258
660,gurka,jason,543261
661,gustave,jandel,594311
662,guthrie,jeremy,425386
663,gutiérrez,vladimir,661269
664,guyer,brandon,446386
665,guzman,jorge,660422
666,gyorko,jedd,576397
667,hader,josh,623352
668,hagadone,nick,444935
669,hahn,jesse,534910
670,hale,david,571735
671,haley,justin,595234
672,hall,cody,595235
673,hall,matt,664180
674,hamels,cole,430935
675,hamilton,ian,641656
676,hammel,jason,434628
677,hammer,j. d.,670456
678,hancock,justin,606995
679,hand,brad,543272
680,hand,donovan,518764
681,hanhold,eric,621098
682,happ,ian,664023
683,happ,j. a.,457918
684,harang,aaron,421685
685,hardy,blaine,543278
686,haren,dan,429717
687,harper,ryne,607560
688,harrell,lucas,449173
689,harris,mitch,518771
690,harris,will,501789
691,harrison,matt,457448
692,hart,donnie,643354
693,hart,kyle,606996
694,hartlieb,geoff,664129
695,hartman,ryan,670057
696,harvey,hunter,640451
697,harvey,joe,642840
698,harvey,matt,518774
699,hatch,thomas,641672
700,hatcher,chris,501822
701,hathaway,steve,643355
702,hatley,marcus,502281
703,hauschild,mike,623434
704,hawkins,latroy,115629
705,hayes,drew,502457
706,head,louis,545343
707,heaney,andrew,571760
708,hearn,taylor,621368
709,heineman,tyler,623168
710,heller,ben,621294
711,hellickson,jeremy,476451
712,helsley,ryan,664854
713,hembree,heath,592390
714,henderson,jim,449104
715,hendricks,kyle,543294
716,hendriks,liam,521230
717,hendrix,ryan,641682
718,hentges,sam,656529
719,herget,jimmy,623474
720,hernandez,ariel,554374
721,hernandez,carlos,672578
722,hernandez,darwinzon,650382
723,hernandez,david,456696
724,hernandez,elieser,622694
725,hernandez,enrique,571771
726,hernandez,felix,433587
727,hernandez,jonathan,642546
728,hernandez,roberto,433584
729,herrera,kelvin,516969
730,herrera,ronald,622703
731,herrmann,frank,497807
732,hess,david,605276
733,hessler,keith,594857
734,heston,chris,518790
735,heuer,codi,676051
736,hicks,jordan,663855
737,hildenberger,trevor,657610
738,hill,cam,657611
739,hill,rich,448179
740,hill,taylor,592398
741,hill,tim,657612
742,hinojosa,dalier,648737
743,hirano,yoshihisa,673633
744,hochevar,luke,460024
745,hoffman,jeff,656546
746,holaday,bryan,592407
747,holder,jonathan,656547
748,holland,derek,502706
749,holland,greg,518813
750,holloway,jordan,656548
751,holmberg,david,571787
752,holmes,clay,605280
753,holt,brock,571788
754,holt,tyler,534627
755,honeywell,brent,641703
756,hoover,j. j.,543331
757,houck,tanner,656557
758,house,t. j.,543334
759,houser,adrian,605288
760,howard,sam,607572
761,howard,spencer,675921
762,howell,j. p.,434442
763,hoying,jared,592419
764,hoyt,james,624586
765,hu,chih-wei,629496
766,huang,wei-chieh,658791
767,hudson,dakota,641712
768,hudson,daniel,543339
769,hudson,tim,218596
770,huff,david,453307
771,hughes,jared,453172
772,hughes,phil,461833
773,hultzen,danny,543343
774,hunter,tommy,488984
775,hursh,jason,592422
776,hutchison,drew,571800
777,hynes,colt,518833
778,ibarra,edgar,500891
779,iglesias,raisel,628452
780,infante,greg,500872
781,irvin,cole,608344
782,ivey,tyler,663959
783,iwakuma,hisashi,547874
784,jackson,edwin,429719
785,jackson,jay,543351
786,jackson,luke,592426
787,jaime,juan,462089
788,james,josh,657624
789,jankowski,jordan,543357
790,jannis,mickey,595263
791,jansen,kenley,445276
792,janssen,casey,445163
793,javier,cristian,664299
794,jax,griffin,643377
795,jay,jon,445055
796,jaye,myles,594867
797,jefferies,daulton,641726
798,jeffress,jeremy,502026
799,jenkins,chad,554432
800,jenkins,tyrell,592433
801,jennings,dan,543359
802,jepsen,kevin,448178
803,jerez,williams,605301
804,jewell,jake,657228
805,jimenez,cesar,462945
806,jimenez,dany,666204
807,jimenez,eduardo,621592
808,jimenez,joe,641729
809,jimenez,ubaldo,434622
810,johnson,brian,598271
811,johnson,dj,597113
812,johnson,erik,605304
813,johnson,jim,462382
814,johnson,pierce,572955
815,johnson,steve,489002
816,jones,garrett,434540
817,jones,nate,518858
818,jordan,taylor,518863
819,jorge,felix,602928
820,joseph,caleb,543376
821,jungmann,taylor,543380
822,junis,jakob,596001
823,jurado,ariel,642558
824,kahnle,tommy,592454
825,kaminsky,rob,641739
826,kaprielian,james,621076
827,karinchak,james,675916
828,karns,nate,501992
829,kay,anthony,641743
830,kazmir,scott,431148
831,kela,keone,605309
832,keller,brad,641745
833,keller,kyle,664918
834,keller,mitch,656605
835,kelley,shawn,518875
836,kelley,trevor,665001
837,kelly,carson,608348
838,kelly,casey,543391
839,kelly,joe,523260
840,kelly,merrill,518876
841,kelly,ryan,502462
842,kendrick,kyle,452718
843,kennedy,brett,664028
844,kennedy,ian,453178
845,kensing,logan,434137
846,kershaw,clayton,477132
847,keuchel,dallas,572971
848,kickham,mike,592464
849,kiekhefer,dean,518883
850,kikuchi,yusei,579328
851,kilome,franklyn,642584
852,kim,kwang hyun,547942
853,kimbrel,craig,518886
854,king,john,667463
855,king,mike,650633
856,kingham,nick,592468
857,kinley,tyler,641755
858,kinsler,ian,435079
859,kintzler,brandon,445213
860,kirkman,michael,457779
861,kittredge,andrew,552640
862,klein,phil,607309
863,kline,branden,571858
864,kluber,corey,446372
865,knapp,andrew,595284
866,knebel,corey,608349
867,knehr,reiss,663753
868,knudson,guido,605317
869,koch,matt,571863
870,koehler,tom,543408
871,kohn,michael,543409
872,kolarek,adam,592473
873,kontos,george,502004
874,kopech,michael,656629
875,kowar,jackson,663804
876,kranick,max,668820
877,kratz,erik,456124
878,krehbiel,joey,607216
879,kremer,dean,665152
880,kriske,brooks,621139
881,krol,ian,571871
882,kuhl,chad,641771
883,kuhnel,joel,669270
884,la stella,tommy,600303
885,labourt,jairo,607951
886,lackey,john,407793
887,ladendorf,tyler,502285
888,laffey,aaron,444836
889,lafromboise,bobby,489039
890,lail,brady,621078
891,lakins,travis,664042
892,lamarre,ryan,534606
893,lamb,john,543424
894,lambert,jimmy,669424
895,lambert,peter,663567
896,lamet,dinelson,659275
897,lange,alex,656638
898,laroche,adam,425560
899,latos,mat,502009
900,lauer,eric,641778
901,law,derek,571882
902,lawrence,casey,596271
903,lawrence,justin,664875
904,layne,tommy,518927
905,lazo,raudel,612272
906,leake,mike,502190
907,leathersich,jack,605333
908,leblanc,wade,453281
909,leclerc,jose,600917
910,lecure,sam,459967
911,lee,c. c.,547348
912,lee,zach,545346
913,leibrandt,brandon,605335
914,leiter,mark,643410
915,leon,arcenio,455376
916,leon,arnold,504186
917,leon,sandy,506702
918,leone,dominic,608678
919,lester,jon,452657
920,lewicki,artie,592499
921,lewis,colby,407890
922,leyer,robinson,622490
923,liberatore,adam,571893
924,light,pat,572990
925,lin,tzu-wei,624407
926,lincecum,tim,453311
927,lindblom,josh,458676
928,lindgren,jacob,605338
929,liriano,francisco,434538
930,littell,zack,641793
931,lively,ben,594902
932,liz,radhames,467785
933,llovera,mauricio,661440
934,lloyd,kyle,643414
935,loaisiga,jonathan,642528
936,lobstein,kyle,543456
937,locke,jeff,502046
938,lockett,walker,621141
939,loewen,adam,429400
940,logan,boone,457429
941,lohse,kyle,346798
942,long,sammy,669674
943,lopes,tim,621005
944,lopez,javier,425657
945,lopez,jorge,605347
946,lopez,pablo,641154
947,lopez,reynaldo,625643
948,lópez,yoan,661255
949,lorenzen,michael,547179
950,loup,aaron,571901
951,lovelady,richard,663992
952,lowe,mark,450275
953,lowther,zac,675912
954,lucas,josh,572998
955,lucchesi,joey,664192
956,luciano,elvis,672773
957,luebke,cory,458537
958,luetge,lucas,476595
959,lugo,seth,607625
960,luzardo,jesus,666200
961,lyles,jordan,543475
962,lynch,daniel,663738
963,lynn,lance,458681
964,lyons,tyler,544928
965,machado,andres,600921
966,machi,jean,466948
967,maddox,austin,545348
968,madero,luis,650347
969,madson,ryan,425492
970,maeda,kenta,628317
971,magill,matt,543483
972,magnifico,damien,571911
973,mahle,greg,657670
974,mahle,tyler,641816
975,maile,luke,571912
976,makita,kazuhisa,628318
977,manaea,sean,640455
978,maness,seth,595307
979,mann,brandon,448167
980,manning,matt,666159
981,manoah,alek,666201
982,manship,jeff,453249
983,mantiply,joe,573009
984,maples,dillon,596027
985,marcum,shaun,451788
986,margevicius,nick,676606
987,marimon,sugar ray,516970
988,marinez,jhan,501697
989,mariot,michael,592527
990,markel,parker,571917
991,marks,justin,476123
992,marksberry,matt,621408
993,marquez,brailyn,666622
994,marquez,german,608566
995,marquis,jason,150302
996,marshall,evan,605359
997,marte,kelvin,517629
998,martes,francis,642564
999,martin,brett,656685
1000,martin,chris,455119
1001,martin,cody,592533
1002,martin,corbin,656686
1003,martin,kyle,573016
1004,martín,leonys,547982
1005,martin,rafael,514669
1006,martin,russell,431145
1007,martinez,carlos,593372
1008,martinez,michael,492841
1009,martinez,nick,607259
1010,martini,nick,605361
1011,marvel,james,621086
1012,masset,nick,434665
1013,masterson,justin,475416
1014,mateo,marcos,456496
1015,mathis,jeff,425772
1016,mathisen,wyatt,621500
1017,maton,nick,665155
1018,maton,phil,664208
1019,mattheus,ryan,458919
1020,mattson,isaac,676755
1021,matusz,brian,451085
1022,matz,steven,571927
1023,matzek,tyler,554431
1024,maurer,brandon,543506
1025,may,dustin,669160
1026,may,trevor,543507
1027,mayers,mike,594577
1028,mayfield,jack,608686
1029,mayza,tim,641835
1030,mazza,chris,607391
1031,mazzaro,vin,476570
1032,mazzoni,cory,543508
1033,mcallister,zach,502083
1034,mccarthy,brandon,435221
1035,mccarthy,kevin,641838
1036,mcclain,reggie,596035
1037,mcclanahan,shane,663556
1038,mccreery,adam,607030
1039,mccullers,lance,621121
1040,mcfarland,t. j.,519008
1041,mcgee,jake,459429
1042,mcgough,scott,543518
1043,mcgowan,dustin,430661
1044,mcgowan,kevin,641850
1045,mcgowin,kyle,641851
1046,mcgrath,kyle,657681
1047,mcguire,deck,592547
1048,mchugh,collin,543521
1049,mckay,brendan,656713
1050,mckay,david,641853
1051,mckenzie,triston,663474
1052,mckirahan,andrew,605374
1053,mcrae,alex,656725
1054,means,john,607644
1055,mears,nick,683232
1056,medina,adonis,658431
1057,medina,yoervis,500721
1058,medlen,kris,450665
1059,megill,trevor,656730
1060,megill,tylor,656731
1061,meisinger,ryan,664682
1062,mejia,adalberto,606167
1063,mejia,francisco,642336
1064,mejia,humberto,650668
1065,mejia,j. c.,650496
1066,mejia,jenrry,516769
1067,melancon,mark,453343
1068,mella,keury,622492
1069,melville,tim,543532
1070,mendez,roman,542669
1071,mendez,yohander,622795
1072,mendick,danny,664901
1073,menez,conner,669214
1074,mengden,daniel,596043
1075,mercedes,yermin,606213
1076,merritt,ryan,607320
1077,merryweather,julian,657240
1078,meyer,alex,543542
1079,meyer,ben,656738
1080,middleton,keynan,641871
1081,mikolas,miles,571945
1082,miley,wade,489119
1083,miller,andrew,453192
1084,miller,justin,502522
1085,miller,shelby,571946
1086,miller,tyson,668338
1087,mills,alec,621219
1088,mills,brad,502166
1089,mills,wyatt,670090
1090,milner,hoby,571948
1091,milone,tommy,543548
1092,minaya,juan,573668
1093,minor,mike,501985
1094,minter,a. j.,621345
1095,miranda,ariel,664641
1096,misiewicz,anthony,664948
1097,mitchell,bryan,571951
1098,mize,casey,663554
1099,moll,sam,594580
1100,molleken,dustin,451783
1101,montas,frankie,593423
1102,montero,miguel,471083
1103,montero,rafael,606160
1104,montgomery,jordan,656756
1105,montgomery,mike,543557
1106,moore,andrew,621058
1107,moore,dylan,664238
1108,moore,matt,519043
1109,moore,tyler,489138
1110,morales,franklin,462985
1111,morales,kendrys,434778
1112,morales,osmer,591672
1113,moran,brian,572383
1114,morejón,adrián,670970
1115,moreland,mitch,519048
1116,moreno,diego,514981
1117,morgan,adam,605388
1118,morgan,eli,669212
1119,morimando,shawn,596049
1120,morin,mike,573046
1121,moronta,reyes,606625
1122,morris,a. j.,571963
1123,morris,akeel,592570
1124,morris,bryan,457768
1125,morrow,brandon,453344
1126,morton,charlie,450203
1127,moscot,jon,621209
1128,motte,jason,435400
1129,motter,taylor,600301
1130,moya,gabriel,622382
1131,moylan,peter,493247
1132,mujica,edward,465629
1133,mujica,jose,620445
1134,mullee,conor,571969
1135,muller,kyle,666205
1136,munoz,andres,662253
1137,murata,toru,538506
1138,murphy,david,461815
1139,murphy,j. r.,571974
1140,murphy,patrick,641907
1141,murphy,tom,608596
1142,murray,colton,605396
1143,musgrave,harrison,643466
1144,musgrove,joe,605397
1145,nance,tommy,667297
1146,narveson,chris,429780
1147,nathan,joe,150274
1148,neal,zach,594943
1149,neidert,nick,663734
1150,nelson,jimmy,519076
1151,nelson,kyle,669459
1152,nelson,nick,656793
1153,neris,hector,593576
1154,nesbitt,angel,553970
1155,neshek,pat,450212
1156,neverauskas,dovydas,596720
1157,newberry,jake,623470
1158,newcomb,sean,656794
1159,newsome,ljay,664714
1160,nicasio,juan,504379
1161,nicholas,brett,592592
1162,nicolino,justin,592593
1163,niese,jonathon,477003
1164,nittoli,vinny,657697
1165,nix,jacob,656798
1166,noesi,hector,456051
1167,nogosek,stephen,668665
1168,nogowski,john,596056
1169,nola,aaron,605400
1170,nolasco,ricky,445060
1171,nolin,sean,543594
1172,norris,bud,502032
1173,norris,daniel,596057
1174,northcraft,aaron,573062
1175,norwood,james,656803
1176,nova,ivan,467100
1177,núñez,darien,628345
1178,nunez,eduardo,456488
1179,nuno,vidal,573064
1180,o'day,darren,503285
1181,o'flaherty,eric,447714
1182,o'grady,chris,622217
1183,o'rourke,ryan,594951
1184,o'sullivan,sean,457711
1185,oaks,trevor,656805
1186,ober,bailey,641927
1187,oberg,scott,623184
1188,oberholtzer,brett,519085
1189,odorizzi,jake,543606
1190,ogando,alexi,468396
1191,ogando,nefi,596331
1192,oh,seunghwan,493200
1193,ohlendorf,ross,456027
1194,ohtani,shohei,660271
1195,okert,steven,595345
1196,olmos,edgar,543607
1197,olson,tyler,621397
1198,ondrusek,logan,446185
1199,ortiz,luis,656814
1200,osich,josh,592612
1201,osuna,jose,591741
1202,osuna,roberto,532077
1203,oswalt,corey,621261
1204,otero,dan,519096
1205,ottavino,adam,493603
1206,overton,dillon,592614
1207,oviedo,johan,670912
1208,oviedo,luis,665854
1209,owens,henry,596064
1210,owings,chris,572008
1211,paddack,chris,663978
1212,pagan,emilio,641941
1213,palumbo,joe,643478
1214,pannone,thomas,623381
1215,papelbon,jonathan,449097
1216,paredes,eduardo,622161
1217,paredes,edward,487675
1218,paredes,enoli,660600
1219,parker,blake,453284
1220,parnell,bobby,458730
1221,parra,gerardo,467827
1222,parra,manny,448159
1223,parsons,wes,641149
1224,partch,curtis,489197
1225,patino,luis,672715
1226,patton,spencer,607359
1227,paulino,david,600944
1228,paxton,james,572020
1229,payamps,joel,606303
1230,payano,pedro,622797
1231,pazos,james,572021
1232,peacock,brad,502748
1233,peacock,matt,676840
1234,pearson,nate,663878
1235,peavy,jake,408241
1236,pelfrey,mike,460059
1237,pelham,cd,641962
1238,pena,ariel,516414
1239,pena,felix,570240
1240,pennington,cliff,460060
1241,peralta,david,444482
1242,peralta,freddy,642547
1243,peralta,joel,407908
1244,peralta,wandy,593974
1245,peralta,wily,503449
1246,peraza,jose,606299
1247,perdomo,angel,622780
1248,perdomo,luis,606131
1249,pérez,cionel,672335
1250,perez,hector,660431
1251,perez,hernan,541650
1252,perez,martin,527048
1253,perez,oliver,424144
1254,perez,williams,554234
1255,perkins,glen,450282
1256,pestano,vinnie,502260
1257,peters,dillon,596071
1258,peterson,david,656849
1259,peterson,jace,607054
1260,peterson,tim,623402
1261,petit,yusmeiro,433589
1262,petricka,jake,502593
1263,phegley,josh,572033
1264,phelps,david,475479
1265,phillips,brett,621433
1266,phillips,evan,623465
1267,phillips,zach,452061
1268,pill,tyler,543652
1269,pimentel,stolmy,516935
1270,pinder,branden,572038
1271,pineda,michael,501381
1272,pino,yohan,464416
1273,pinto,ricardo,620982
1274,pivetta,nick,601713
1275,plawecki,kevin,608700
1276,plesac,zach,668676
1277,plutko,adam,592644
1278,poche,colin,621363
1279,pomeranz,drew,519141
1280,ponce,cody,664074
1281,ponce de leon,daniel,594965
1282,pop,zach,647315
1283,poppen,sean,664092
1284,porcello,rick,519144
1285,poteet,cody,547001
1286,pounders,brooks,572044
1287,povse,max,605428
1288,poyner,bobby,596074
1289,pressly,ryan,519151
1290,price,david,456034
1291,pruitt,austin,643493
1292,puk,a. j.,640462
1293,purke,matt,545357
1294,putnam,zach,474029
1295,quackenbush,kevin,534812
1296,qualls,chad,430589
1297,quantrill,cal,615698
1298,quezada,johan,629498
1299,quijada,jose,650671
1300,quinn,roman,596451
1301,quintana,jose,500779
1302,raburn,ryan,430605
1303,rainey,tanner,663432
1304,raley,brooks,548384
1305,ramírez,alexei,493351
1306,ramirez,carlos,570702
1307,ramirez,erasmo,541640
1308,ramirez,j. c.,500724
1309,ramirez,jose,542432
1310,ramirez,neil,519166
1311,ramirez,nick,598286
1312,ramirez,noe,598287
1313,ramirez,roel,641995
1314,ramirez,yefry,606162
1315,ramirez,yohan,670990
1316,ramos,aj,573109
1317,ramos,cesar,459987
1318,ramos,edubray,591693
1319,ramsey,matt,543677
1320,ranaudo,anthony,519168
1321,rasmus,cory,474284
1322,rasmussen,drew,656876
1323,rasmussen,rob,519169
1324,ravin,josh,502051
1325,ray,robbie,592662
1326,rea,colin,607067
1327,rearick,chris,595371
1328,reddick,josh,502210
1329,redmond,todd,445170
1330,reed,a. j.,607223
1331,reed,addison,592665
1332,reed,chris,607068
1333,reed,cody,642003
1334,reed,jake,596082
1335,reid-foley,sean,656887
1336,reininger,zac,643617
1337,reyes,alex,621052
1338,reyes,gerardo,622103
1339,reyes,jesus,660875
1340,reyes,jo-jo,457456
1341,reyes,jose,408314
1342,reynolds,mark,448602
1343,reynolds,matt,519186
1344,rhame,jacob,642008
1345,richard,clayton,453385
1346,richards,garrett,572070
1347,richards,trevor,670950
1348,riefenhauser,c. j.,592677
1349,rienzo,andre,516589
1350,rios,yacksel,605441
1351,rizzo,anthony,519203
1352,roach,donn,543698
1353,roark,tanner,543699
1354,roberts,kenny,594977
1355,robertson,daniel,621002
1356,robertson,david,502085
1357,robinson,clint,519208
1358,robinson,shane,453203
1359,robles,hansel,570663
1360,rodgers,brady,572086
1361,rodney,fernando,407845
1362,rodon,carlos,607074
1363,rodriguez,chris,669735
1364,rodriguez,dereck,605446
1365,rodriguez,eduardo,593958
1366,rodriguez,fernando,451775
1367,rodriguez,francisco,408061
1368,rodriguez,jefry,622446
1369,rodriguez,joely,570257
1370,rodríguez,jose,642578
1371,rodriguez,nivaldo,670550
1372,rodriguez,paco,572089
1373,rodriguez,ricardo,600965
1374,rodriguez,richard,593144
1375,rodriguez,sean,446481
1376,rodriguez,wandy,434643
1377,roe,chaz,475054
1378,rogers,esmil,469134
1379,rogers,jake,668670
1380,rogers,josh,642028
1381,rogers,taylor,573124
1382,rogers,trevor,669432
1383,rogers,tyler,643511
1384,rollins,david,543716
1385,romano,jordan,605447
1386,romano,sal,607219
1387,romero,enny,544836
1388,romero,fernando,622864
1389,romero,jojo,668941
1390,romero,seth,656913
1391,romine,andrew,461865
1392,romine,austin,519222
1393,romo,sergio,489265
1394,rondon,angel,667373
1395,rondon,bruce,541652
1396,rondon,hector,444468
1397,rondon,jorge,504083
1398,rondon,jose,602922
1399,rosa,adonis,650738
1400,rosales,adam,489267
1401,rosario,randy,600968
1402,rosenthal,trevor,572096
1403,rosin,seth,519229
1404,ross,david,424325
1405,ross,joe,605452
1406,ross,robbie,543726
1407,ross,tyson,475115
1408,rosscup,zac,573127
1409,rosso,ramon,665759
1410,roth,michael,607706
1411,rowen,ben,594985
1412,rowley,chris,635903
1413,rua,ryan,607387
1414,rucinski,drew,607968
1415,ruf,darin,573131
1416,ruiz,carlos,434563
1417,ruiz,jose,614179
1418,rumbelow,nick,592705
1419,runzler,dan,502130
1420,rusin,chris,543734
1421,russell,james,460701
1422,ryan,brendan,453895
1423,ryan,kyle,594986
1424,ryu,hyun jin,547943
1425,rzepczynski,marc,519240
1426,sabathia,cc,282332
1427,sadler,casey,594987
1428,sadzeck,connor,592712
1429,salas,fernando,477569
1430,salazar,danny,517593
1431,sale,chris,519242
1432,samardzija,jeff,502188
1433,sampson,adrian,592716
1434,sampson,keyvius,572102
1435,sanabria,carlos,656004
1436,sanchez,aaron,592717
1437,sanchez,angel,605795
1438,sanchez,anibal,434671
1439,sanchez,carlos,570560
1440,sanchez,cristopher,650911
1441,sanchez,miguel,667376
1442,sanchez,ricardo,645307
1443,sanchez,sixto,664350
1444,sandlin,nick,680704
1445,sandoval,pablo,467055
1446,sandoval,patrick,663776
1447,santana,dennis,642701
1448,santana,edgar,650828
1449,santana,ervin,429722
1450,santiago,hector,502327
1451,santillan,tony,663574
1452,santos,antonio,665733
1453,santos,gregory,666619
1454,santos,luis,608601
1455,santos,sergio,435045
1456,sardinas,luis,596143
1457,saucedo,tayler,642048
1458,saupold,warwick,599683
1459,sawamura,hirokazu,617228
1460,sborz,josh,622250
1461,scahill,rob,543746
1462,sceroler,mac,669135
1463,scheppers,tanner,489294
1464,scherzer,max,453286
1465,schlitter,brian,489295
1466,schmidt,clarke,657376
1467,schreiber,john,670167
1468,schrock,max,621011
1469,schugel,a. j.,519263
1470,schultz,bo,544759
1471,schultz,jaime,621289
1472,schuster,patrick,572119
1473,scott,robby,582494
1474,scott,tanner,656945
1475,scott,tayler,605463
1476,scribner,evan,519267
1477,scribner,troy,644428
1478,scrubb,andre,668687
1479,selman,sam,572125
1480,senzatela,antonio,622608
1481,severino,luis,622663
1482,sewald,paul,623149
1483,shackelford,kevin,594992
1484,shafer,justin,596101
1485,sharp,sterling,643532
1486,shaw,bryan,543766
1487,shawaryn,mike,642067
1488,sheffield,jordan,642068
1489,sheffield,justus,656954
1490,shepherd,chandler,605469
1491,sherfy,james,642073
1492,sherriff,ryan,595411
1493,shields,james,448306
1494,shipley,braden,640463
1495,shoemaker,matt,533167
1496,shreve,chasen,592741
1497,shuck,jb,543776
1498,siegrist,kevin,543779
1499,simmons,shae,623406
1500,simon,alfredo,430580
1501,sims,lucas,608371
1502,singer,brady,663903
1503,sipp,tony,448609
1504,skaggs,tyler,572140
1505,skoglund,eric,607215
1506,skubal,tarik,669373
1507,slania,dan,592753
1508,slegers,aaron,642083
1509,smeltzer,devin,656970
1510,smith,blake,544930
1511,smith,burch,572143
1512,smith,caleb,592761
1513,smith,carson,605476
1514,smith,chad,605477
1515,smith,chris,627262
1516,smith,chris,434672
1517,smith,drew,622098
1518,smith,jake,607727
1519,smith,joe,501925
1520,smith,josh,605479
1521,smith,josh,595001
1522,smith,murphy,573166
1523,smith,riley,642092
1524,smith,will,519293
1525,smoker,josh,519294
1526,smolinski,jake,519295
1527,smyly,drew,592767
1528,sneed,cy,605482
1529,snell,blake,605483
1530,snelten,d. j.,592769
1531,sobotka,chad,656977
1532,socolovich,miguel,462515
1533,sogard,eric,519299
1534,solis,sammy,519301
1535,solomon,peter,656981
1536,somsen,layne,643550
1537,soria,joakim,465657
1538,soriano,rafael,400089
1539,soroka,mike,647336
1540,soto,giovanni,543803
1541,soto,gregory,642397
1542,spangenberg,cory,605486
1543,sparkman,glenn,642098
1544,speier,gabe,642100
1545,springs,jeffrey,605488
1546,st. john,locke,657766
1547,stallings,jacob,607732
1548,stammen,craig,489334
1549,stanek,ryne,592773
1550,stashak,cody,664054
1551,stassi,max,545358
1552,stauffer,tim,431162
1553,staumont,josh,622251
1554,steckenrider,drew,608716
1555,steele,justin,657006
1556,stephan,trevor,663986
1557,stephens,jackson,623451
1558,stephenson,robert,596112
1559,stewart,brock,592779
1560,stewart,kohl,640464
1561,stiever,jonathan,680692
1562,stites,matt,592781
1563,stock,robert,476594
1564,storen,drew,519322
1565,stout,eric,657770
1566,strahm,matt,621381
1567,straily,dan,573185
1568,strasburg,stephen,544931
1569,stratton,chris,608717
1570,street,huston,434718
1571,strickland,hunter,519326
1572,stripling,ross,548389
1573,stroman,marcus,573186
1574,strop,pedro,467008
1575,stults,eric,445590
1576,stumpf,daniel,621385
1577,sturdevant,tyler,573188
1578,suarez,albert,544150
1579,suarez,andrew,605498
1580,suarez,jose,660761
1581,suarez,ranger,624133
1582,sucre,jesus,491696
1583,suero,wander,593833
1584,sulser,cole,642121
1585,surkamp,eric,474668
1586,suter,brent,608718
1587,suzuki,ichiro,400085
1588,swanson,erik,657024
1589,swarzak,anthony,461872
1590,syndergaard,noah,592789
1591,szapucki,thomas,663378
1592,taillon,jameson,592791
1593,tanaka,masahiro,547888
1594,tapia,domingo,593619
1595,tarpley,stephen,605501
1596,tate,dillon,622253
1597,taylor,ben,664701
1598,taylor,blake,642130
1599,taylor,josh,657031
1600,tazawa,junichi,547749
1601,teaford,everett,501870
1602,teheran,julio,527054
1603,tejada,ruben,514913
1604,tepera,ryan,572193
1605,tepesch,nick,519344
1606,thatcher,joe,491159
1607,thayer,dale,445612
1608,therrien,jesen,592279
1609,thielbar,caleb,573204
1610,thomas,ian,621962
1611,thompson,aaron,457744
1612,thompson,jake,622097
1613,thompson,keegan,624522
1614,thompson,mason,666168
1615,thompson,ryan,657044
1616,thompson,zach,605507
1617,thornburg,tyler,592804
1618,thornton,matt,407819
1619,thornton,trent,663423
1620,thorpe,lewis,626929
1621,tice,ty,676709
1622,tillman,chris,501957
1623,tinoco,jesus,622786
1624,tocci,carlos,624636
1625,tolleson,shawn,474521
1626,tolliver,ashur,572208
1627,tom,ka'ai,664789
1628,tomlin,josh,458708
1629,tonkin,michael,543859
1630,topa,justin,623437
1631,torres,alex,456776
1632,torres,carlos,448614
1633,torres,jose,600526
1634,torreyes,ronald,591720
1635,toussaint,touki,657053
1636,tracy,matt,595441
1637,treinen,blake,595014
1638,triggs,andrew,592811
1639,trivino,lou,642152
1640,tropeano,nick,607374
1641,tsao,chin-hui,425835
1642,tseng,jen-ho,627500
1643,tuivailala,sam,592815
1644,turley,nik,543867
1645,turnbull,spencer,605513
1646,turner,jacob,545363
1647,uceta,edwin,670955
1648,uehara,koji,493157
1649,underwood,duane,621249
1650,urena,jose,570632
1651,urena,richard,620446
1652,urias,julio,628711
1653,urquidy,jose,664353
1654,valaika,pat,642162
1655,valdez,cesar,491624
1656,valdez,framber,664285
1657,valdez,jose,572308
1658,valdez,phillips,570488
1659,valencia,danny,502143
1660,valentin,jesmuel,621044
1661,vargas,cesar,570714
1662,vargas,jason,450306
1663,varvaro,anthony,460008
1664,vasquez,andrew,607755
1665,vasto,jerry,657786
1666,vazquez,felipe,553878
1667,veal,donnie,453264
1668,velasquez,vince,592826
1669,velazquez,hector,584171
1670,venditte,pat,519381
1671,venters,jonny,458924
1672,ventura,yordano,570649
1673,verhagen,drew,572403
1674,verlander,justin,434378
1675,verrett,logan,548337
1676,vesia,alex,681911
1677,vest,will,676684
1678,vieira,thyago,600986
1679,villanueva,carlos,453646
1680,villarreal,pedro,543881
1681,vincent,nick,543883
1682,vizcaino,arodys,527055
1683,vogelsong,ryan,285064
1684,volquez,edinson,450172
1685,volstad,chris,458690
1686,voth,austin,608723
1687,wacha,michael,608379
1688,wada,tsuyoshi,493159
1689,waddell,brandon,663399
1690,wade,konner,592831
1691,wagner,tyler,621281
1692,waguespack,jacob,621097
1693,wahl,bobby,592833
1694,wainwright,adam,425794
1695,walden,jordan,477229
1696,walden,marcus,519393
1697,walker,jeremy,668683
1698,walker,neil,435522
1699,walker,taijuan,592836
1700,walsh,jared,665120
1701,wang,chien-ming,425426
1702,wang,wei-chung,623913
1703,wantz,andrew,681806
1704,warren,adam,476589
1705,warren,art,605521
1706,watkins,spenser,657093
1707,watson,tony,453265
1708,weathers,ryan,677960
1709,weaver,jered,450308
1710,weaver,luke,596133
1711,webb,daniel,543900
1712,webb,jacob,657097
1713,webb,logan,657277
1714,webb,ryan,444436
1715,webb,tyler,643778
1716,weber,ryan,543901
1717,webster,allen,543903
1718,weems,jordan,607179
1719,weigel,patrick,622256
1720,weiss,zack,592848
1721,wells,alexander,649144
1722,wells,tyler,669330
1723,wendelken,j. b.,605525
1724,west,matt,519411
1725,whalen,robert,547007
1726,wheeler,jason,605528
1727,wheeler,zack,554430
1728,white,mitch,669952
1729,white,tyler,643603
1730,whitley,chase,595032
1731,whitley,kodi,676831
1732,whitlock,garrett,676477
1733,wick,rowan,592858
1734,widener,taylor,642203
1735,wieck,brad,623364
1736,wieland,joe,543921
1737,wilhelmsen,tom,452666
1738,wilk,adam,573244
1739,wilkerson,aaron,658792
1740,wilkerson,stevie,592859
1741,williams,austen,657117
1742,williams,devin,642207
1743,williams,jerome,425532
1744,williams,taylor,592865
1745,williams,trevor,592866
1746,wilson,alex,543935
1747,wilson,bryse,669060
1748,wilson,c. j.,450351
1749,wilson,josh,425543
1750,wilson,justin,458677
1751,wilson,tyler,592869
1752,wimmers,alex,592872
1753,wingenter,trey,622259
1754,winkler,dan,595465
1755,wisler,matt,605538
1756,withrow,chris,519437
1757,wittgren,nick,621295
1758,wojciechowski,asher,592879
1759,wolf,randy,150116
1760,wood,alex,622072
1761,wood,blake,502028
1762,wood,hunter,621056
1763,wood,travis,475243
1764,woodford,jake,663765
1765,woodruff,brandon,605540
1766,wooten,rob,543942
1767,workman,brandon,519443
1768,worley,vance,474699
1769,wotherspoon,matt,642226
1770,wright,daniel,642229
1771,wright,kyle,657140
1772,wright,mike,605541
1773,wright,steven,453214
1774,wright,wesley,449079
1775,yacabonis,jimmy,642231
1776,yajure,miguel,664337
1777,yamaguchi,shun,685493
1778,yamamoto,jordan,657141
1779,yang,hyeon-jong,660365
1780,yarbrough,ryan,642232
1781,yardley,eric,642233
1782,yates,kirby,489446
1783,ynoa,gabriel,593679
1784,ynoa,huascar,660623
1785,ynoa,michael,573589
1786,young,alex,622065
1787,young,chris,432934
1788,younginer,madison,572283
1789,zagurski,mike,489448
1790,zamora,daniel,623354
1791,zastryzny,rob,642239
1792,zeuch,t. j.,643615
1793,ziegler,brad,446899
1794,zimmer,kyle,622092
1795,zimmermann,bruce,669145
1796,zimmermann,jordan,519455
1797,zito,barry,217096
1798,zobrist,ben,450314
1799,zuber,tyler,676604
1800,zych,tony,543964
