,name_last,name_first,key_mlbam
0,abad,fernando,472551
1,abbott,cory,676265
2,abreu,albert,656061
3,abreu,bryan,650556
4,acevedo,domingo,642758
5,adam,jason,592094
6,adams,austin,613534
7,aguilar,miguel,620396
8,akin,keegan,669211
9,alaniz,r. j.,595798
10,albers,andrew,452027
11,alcala,jorge,660896
12,alcantara,sandy,645261
13,alcantara,sergio,642727
14,alexander,tyler,641302
15,alexy,a. j.,669935
16,allard,kolby,663465
17,allen,logan,663531
18,almonte,yency,622075
19,alvarado,jose,621237
20,alvarez,jose,501625
21,alzolay,adbert,640470
22,anderson,brett,474463
23,anderson,chase,502624
24,anderson,drew,623454
25,anderson,ian,666120
26,anderson,nick,623433
27,anderson,shaun,641312
28,anderson,tanner,664196
29,anderson,tyler,542881
30,andriese,matt,542882
31,antone,tejay,622088
32,arauz,jonathan,660620
33,archer,chris,502042
34,arihara,kohei,685503
35,armstrong,shawn,542888
36,arrieta,jake,453562
37,ashby,aaron,676879
38,astudillo,willians,553902
39,avila,pedro,658648
40,axford,john,446099
41,baez,pedro,520980
42,baker,bryan,641329
43,baldonado,alberto,593604
44,banda,anthony,607455
45,baragar,caleb,670056
46,bard,daniel,453268
47,barlow,joe,669618
48,barlow,scott,605130
49,barnes,charlie,656212
50,barnes,jacob,606930
51,barnes,matt,598264
52,barraclough,kyle,607457
53,barreda,manny,518435
54,barria,jaime,642545
55,bass,anthony,542914
56,bassitt,chris,605135
57,baumann,mike,657508
58,baz,shane,669358
59,bednar,david,670280
60,bedrosian,cam,592135
61,bellatti,andrew,571479
62,bender,anthony,669622
63,benjamin,wes,605138
64,berrios,jose,621244
65,bickford,phil,641360
66,bieber,shane,669456
67,bielak,brandon,656232
68,blackburn,paul,621112
69,bleier,richard,542947
70,blewett,scott,656240
71,borucki,ryan,621366
72,bostick,akeem,641384
73,bowden,ben,641386
74,boxberger,brad,502202
75,boyd,matt,571510
76,brach,brad,542960
77,bradley,archie,605151
78,brasier,ryan,518489
79,brault,steven,643230
80,brebbia,john,605154
81,brentz,jake,641394
82,britton,zack,502154
83,brogdon,connor,641401
84,brothers,rex,571521
85,brubaker,jt,664141
86,bruihl,justin,677865
87,bubic,kris,663460
88,buchter,ryan,488748
89,buehler,walker,621111
90,bukauskas,j. b.,656266
91,bumgarner,madison,518516
92,bummer,aaron,607481
93,bundy,dylan,605164
94,burdi,zack,641420
95,burnes,corbin,669203
96,burr,ryan,621114
97,burrows,beau,663366
98,cabrera,edward,665795
99,cabrera,genesis,650893
100,camarena,dan,547176
101,campbell,paul,669294
102,carlton,drew,656290
103,carrasco,carlos,471911
104,castano,daniel,641447
105,castellanos,humberto,528748
106,castillo,diego,650895
107,castillo,luis,622491
108,castro,anthony,621593
109,castro,kervin,665645
110,castro,miguel,612434
111,cease,dylan,656302
112,cessa,luis,570666
113,chacin,jhoulys,468504
114,chafin,andrew,605177
115,chapman,aroldis,547973
116,chargois,j. t.,608638
117,chatwood,tyler,543022
118,chavez,jesse,445926
119,cimber,adam,643256
120,cishek,steve,518553
121,cisnero,jose,542585
122,civale,aaron,650644
123,clarke,taylor,664199
124,clase,emmanuel,661403
125,clay,sam,621348
126,cleavinger,garrett,664076
127,clippard,tyler,461325
128,cobb,alex,502171
129,cole,gerrit,543037
130,coleman,dylan,669395
131,colome,alex,517008
132,conley,adam,543045
133,contreras,roansy,672710
134,coonrod,sam,656322
135,corbin,patrick,571578
136,cortes,nestor,641482
137,cotton,jharel,605194
138,coulombe,danny,543056
139,cousins,jake,664776
140,crawford,kutter,676710
141,crichton,stefan,592233
142,crismatt,nabil,622503
143,criswell,cooper,681867
144,crochet,garrett,676979
145,crouse,hans,668968
146,crowe,wil,640444
147,cueto,johnny,456501
148,culberson,charlie,518586
149,curtiss,john,595928
150,darvish,yu,506433
151,davies,zach,605200
152,davis,austin,656354
153,davis,wade,451584
154,de geus,brett,676969
155,de los santos,enyel,660853
156,del pozo,miguel,600887
157,desclafani,anthony,543101
158,detmers,reid,672282
159,detwiler,ross,446321
160,diaz,edwin,621242
161,diaz,jhonathan,646242
162,diaz,miguel,622766
163,diaz,yennsy,660546
164,dickson,brandon,505447
165,diekman,jake,518617
166,difo,wilmer,594694
167,diplan,marcos,650959
168,dobnak,randy,677976
169,dohy,kyle,675971
170,dolis,rafael,503569
171,doolittle,sean,448281
172,doval,camilo,666808
173,drury,brandon,592273
174,duffey,tyler,608648
175,dugger,robert,667498
176,dunning,dane,641540
177,eaton,adam,594809
178,effross,scott,664123
179,eickhoff,jerad,595191
180,ellis,chris,595939
181,enns,dietrich,608650
182,eovaldi,nathan,543135
183,eshelman,thomas,664045
184,espinal,raynel,642659
185,espino,paolo,502179
186,estevez,carlos,608032
187,evans,demarcus,663770
188,fairbanks,pete,664126
189,falter,bailey,663559
190,familia,jeurys,544727
191,faria,jake,607188
192,farmer,buck,571656
193,farrell,luke,608652
194,fedde,erick,607200
195,feliz,michael,593140
196,feliz,neftali,491703
197,feltner,ryan,663372
198,fernandez,julian,642759
199,fernandez,junior,658551
200,feyereisen,j. p.,656420
201,finnegan,kyle,640448
202,flaherty,jack,656427
203,fleming,josh,676596
204,flexen,chris,623167
205,floro,dylan,571670
206,foley,jason,671345
207,foltynewicz,mike,592314
208,foster,matt,641582
209,freeland,kyle,607536
210,frias,luis,666818
211,fried,max,608331
212,fry,jace,605240
213,fry,paul,643316
214,fulmer,michael,605242
215,funkhouser,kyle,608335
216,gallegos,giovanny,606149
217,gallen,zac,668678
218,gant,john,607231
219,garcia,bryan,650530
220,garcia,edgar,658305
221,garcia,jarlin,606424
222,garcia,luis,677651
223,garcia,luis,472610
224,garcia,yimi,554340
225,garrett,amir,607237
226,garrett,braxton,666129
227,garza,justin,621057
228,garza,ralph,621248
229,gausman,kevin,592332
230,german,domingo,593334
231,gibaut,ian,664139
232,gibson,kyle,502043
233,gil,luis,661563
234,gilbert,logan,669302
235,gilbert,tyler,656457
236,gilbreath,lucas,656458
237,giolito,lucas,608337
238,givens,mychal,571710
239,gomber,austin,596295
240,gonsalves,stephen,624427
241,gonsolin,tony,664062
242,gonzales,marco,594835
243,gonzalez,chi chi,592346
244,gonzalez,romy,663853
245,gonzalez,victor,624647
246,gose,anthony,543238
247,goudeau,ashton,623485
248,graterol,brusdar,660813
249,graveman,kendall,608665
250,gray,jon,592351
251,gray,josiah,680686
252,gray,sonny,543243
253,green,chad,643338
254,greene,conner,641632
255,greene,shane,572888
256,greinke,zack,425844
257,gsellman,robert,607229
258,guenther,sean,674944
259,guerra,deolis,500610
260,guerra,javy,642770
261,guerra,javy,457915
262,guerra,junior,448855
263,guilmet,preston,543258
264,gustave,jandel,594311
265,gutiérrez,vladimir,661269
266,guzman,jorge,660422
267,hader,josh,623352
268,hammer,j. d.,670456
269,hand,brad,543272
270,hanhold,eric,621098
271,happ,j. a.,457918
272,hardy,blaine,543278
273,harper,ryne,607560
274,hartlieb,geoff,664129
275,harvey,matt,518774
276,hatch,thomas,641672
277,head,louis,545343
278,heaney,andrew,571760
279,hearn,taylor,621368
280,heasley,jon,669169
281,helsley,ryan,664854
282,hembree,heath,592390
283,hendricks,kyle,543294
284,hendriks,liam,521230
285,hendrix,ryan,641682
286,hentges,sam,656529
287,herget,jimmy,623474
288,hernandez,carlos,672578
289,hernandez,darwinzon,650382
290,hernandez,elieser,622694
291,hess,david,605276
292,heuer,codi,676051
293,hill,rich,448179
294,hill,tim,657612
295,hoffman,jeff,656546
296,holaday,bryan,592407
297,holland,derek,502706
298,holland,greg,518813
299,holloway,jordan,656548
300,holmes,clay,605280
301,holt,brock,571788
302,houck,tanner,656557
303,houser,adrian,605288
304,howard,sam,607572
305,howard,spencer,675921
306,hoyt,james,624586
307,hudson,dakota,641712
308,hudson,daniel,543339
309,hutchison,drew,571800
310,iglesias,raisel,628452
311,irvin,cole,608344
312,jackson,andre,656578
313,jackson,jay,543351
314,jackson,luke,592426
315,james,josh,657624
316,jansen,kenley,445276
317,javier,cristian,664299
318,jax,griffin,643377
319,jefferies,daulton,641726
320,jewell,jake,657228
321,jimenez,joe,641729
322,johnson,dj,597113
323,johnson,pierce,572955
324,jones,damon,676103
325,junis,jakob,596001
326,junk,janson,676083
327,kaprielian,james,621076
328,karinchak,james,675916
329,kazmir,scott,431148
330,keller,brad,641745
331,keller,kyle,664918
332,keller,mitch,656605
333,kelly,joe,523260
334,kelly,merrill,518876
335,kennedy,ian,453178
336,kershaw,clayton,477132
337,keuchel,dallas,572971
338,kikuchi,yusei,579328
339,kim,kwang hyun,547942
340,kimbrel,craig,518886
341,king,mike,650633
342,kinley,tyler,641755
343,kintzler,brandon,445213
344,kittredge,andrew,552640
345,klobosits,gabe,656620
346,kluber,corey,446372
347,knebel,corey,608349
348,knehr,reiss,663753
349,knight,dusten,643400
350,koerner,brody,621259
351,kopech,michael,656629
352,kowar,jackson,663804
353,kranick,max,668820
354,krehbiel,joey,607216
355,kremer,dean,665152
356,kriske,brooks,621139
357,krol,ian,571871
358,kuhl,chad,641771
359,lambert,jimmy,669424
360,lambert,peter,663567
361,lamet,dinelson,659275
362,lange,alex,656638
363,latz,jake,656641
364,lauer,eric,641778
365,lawrence,justin,664875
366,leblanc,wade,453281
367,lee,dylan,669276
368,leon,sandy,506702
369,leone,dominic,608678
370,lester,jon,452657
371,littell,zack,641793
372,llovera,mauricio,661440
373,loaisiga,jonathan,642528
374,long,sammy,669674
375,lopez,jorge,605347
376,lopez,reynaldo,625643
377,lorenzen,michael,547179
378,loup,aaron,571901
379,lovelady,richard,663992
380,lowther,zac,675912
381,luetge,lucas,476595
382,lugo,seth,607625
383,luplow,jordan,656669
384,luzardo,jesus,666200
385,lyles,jordan,543475
386,lynch,daniel,663738
387,lynn,lance,458681
388,machado,andres,600921
389,madero,luis,650347
390,maeda,kenta,628317
391,mahle,tyler,641816
392,maile,luke,571912
393,manaea,sean,640455
394,manning,matt,666159
395,manoah,alek,666201
396,mantiply,joe,573009
397,maples,dillon,596027
398,marquez,german,608566
399,marte,jose,665896
400,martin,brett,656685
401,martin,chris,455119
402,martinez,seth,661527
403,maton,phil,664208
404,mattson,isaac,676755
405,matz,steven,571927
406,matzek,tyler,554431
407,may,trevor,543507
408,mayers,mike,594577
409,mayza,tim,641835
410,mazza,chris,607391
411,mccaughan,darren,670766
412,mcclanahan,shane,663556
413,mccullers,lance,621121
414,mcfarland,t. j.,519008
415,mcgee,jake,459429
416,mcgowin,kyle,641851
417,mchugh,collin,543521
418,mckenzie,triston,663474
419,means,john,607644
420,mears,nick,683232
421,medina,adonis,658431
422,megill,trevor,656730
423,megill,tylor,656731
424,meisinger,ryan,664682
425,mejia,francisco,642336
426,mejia,humberto,650668
427,mejia,j. c.,650496
428,melancon,mark,453343
429,merryweather,julian,657240
430,middleton,keynan,641871
431,mikolas,miles,571945
432,miley,wade,489119
433,miller,andrew,453192
434,miller,justin,502522
435,miller,shelby,571946
436,mills,alec,621219
437,mills,wyatt,670090
438,milner,hoby,571948
439,minaya,juan,573668
440,minor,mike,501985
441,minter,a. j.,621345
442,misiewicz,anthony,664948
443,mitchell,bryan,571951
444,mize,casey,663554
445,moll,sam,594580
446,montas,frankie,593423
447,montero,rafael,606160
448,montgomery,jordan,656756
449,moore,matt,519043
450,moran,jovani,663558
451,moreland,mitch,519048
452,moreta,dauri,664294
453,morgan,adam,605388
454,morgan,eli,669212
455,morimando,shawn,596049
456,morton,charlie,450203
457,muller,kyle,666205
458,murphy,patrick,641907
459,musgrove,joe,605397
460,nance,tommy,667297
461,naughton,packy,676050
462,neidert,nick,663734
463,nelson,jimmy,519076
464,nelson,nick,656793
465,neris,hector,593576
466,newcomb,sean,656794
467,nogosek,stephen,668665
468,nogowski,john,596056
469,nola,aaron,605400
470,nolin,sean,543594
471,norris,daniel,596057
472,núñez,darien,628345
473,o'brien,riley,676617
474,ober,bailey,641927
475,odorizzi,jake,543606
476,ohtani,shohei,660271
477,okert,steven,595345
478,ort,kaleb,672391
479,ortega,oliver,661383
480,osich,josh,592612
481,ottavino,adam,493603
482,otto,glenn,657248
483,overton,connor,656818
484,oviedo,johan,670912
485,oviedo,luis,665854
486,paddack,chris,663978
487,pagan,emilio,641941
488,parker,blake,453284
489,patino,luis,672715
490,patton,spencer,607359
491,paulino,david,600944
492,payamps,joel,606303
493,peacock,brad,502748
494,peacock,matt,676840
495,pearson,nate,663878
496,peguero,elvis,665625
497,peralta,freddy,642547
498,peralta,wandy,593974
499,peralta,wily,503449
500,perdomo,angel,622780
501,pérez,cionel,672335
502,perez,francisco,660906
503,perez,martin,527048
504,peters,dillon,596071
505,peterson,jace,607054
506,petit,yusmeiro,433589
507,petricka,jake,502593
508,phillips,evan,623465
509,pillar,kevin,607680
510,pineda,michael,501381
511,pivetta,nick,601713
512,plawecki,kevin,608700
513,plesac,zach,668676
514,plutko,adam,592644
515,pomeranz,drew,519141
516,ponce,cody,664074
517,ponce de leon,daniel,594965
518,pop,zach,647315
519,poppen,sean,664092
520,pressly,ryan,519151
521,price,david,456034
522,pruitt,austin,643493
523,puk,a. j.,640462
524,quackenbush,kevin,534812
525,quantrill,cal,615698
526,quijada,jose,650671
527,quintana,jose,500779
528,rainey,tanner,663432
529,raley,brooks,548384
530,ramirez,erasmo,541640
531,ramirez,noe,598287
532,ramirez,yefry,606162
533,ramirez,yohan,670990
534,ramos,aj,573109
535,rasmussen,drew,656876
536,ray,robbie,592662
537,rea,colin,607067
538,reed,jake,596082
539,reyes,alex,621052
540,richards,garrett,572070
541,richards,trevor,670950
542,ridings,stephen,670050
543,rios,yacksel,605441
544,robertson,david,502085
545,robles,hansel,570663
546,rodon,carlos,607074
547,rodriguez,chris,669735
548,rodriguez,eduardo,593958
549,rodriguez,jefry,622446
550,rodriguez,joely,570257
551,rodriguez,manuel,655889
552,rodriguez,richard,593144
553,rogers,josh,642028
554,rogers,taylor,573124
555,rogers,trevor,669432
556,rogers,tyler,643511
557,romano,jordan,605447
558,romano,sal,607219
559,romero,jhon,664584
560,romine,andrew,461865
561,romo,sergio,489265
562,ross,joe,605452
563,rosscup,zac,573127
564,rosso,ramon,665759
565,rucker,michael,621074
566,ruiz,jose,614179
567,ryan,joe,657746
568,ryan,kyle,594986
569,ryu,hyun jin,547943
570,sadler,casey,594987
571,sale,chris,519242
572,sampson,adrian,592716
573,sanchez,aaron,592717
574,sanchez,cristopher,650911
575,sanchez,miguel,667376
576,sandlin,nick,680704
577,sandoval,patrick,663776
578,sanmartin,reiver,665665
579,santana,dennis,642701
580,santana,edgar,650828
581,santana,ervin,429722
582,santiago,hector,502327
583,santillan,tony,663574
584,santos,antonio,665733
585,saucedo,tayler,642048
586,sawamura,hirokazu,617228
587,sborz,josh,622250
588,scherzer,max,453286
589,schmidt,clarke,657376
590,schreiber,john,670167
591,schrock,max,621011
592,scott,tanner,656945
593,seabold,connor,657756
594,selman,sam,572125
595,senzatela,antonio,622608
596,severino,luis,622663
597,sewald,paul,623149
598,shaw,bryan,543766
599,sheffield,jordan,642068
600,sheffield,justus,656954
601,sherfy,james,642073
602,sherriff,ryan,595411
603,shreve,chasen,592741
604,sims,lucas,608371
605,singer,brady,663903
606,sittinger,brandyn,670087
607,skubal,tarik,669373
608,slater,austin,596103
609,slegers,aaron,642083
610,smith,burch,572143
611,smith,caleb,592761
612,smith,drew,622098
613,smith,joe,501925
614,smith,riley,642092
615,smith,will,519293
616,smyly,drew,592767
617,snead,kirby,669912
618,snell,blake,605483
619,snyder,nick,676766
620,solomon,peter,656981
621,soria,joakim,465657
622,soto,gregory,642397
623,speier,gabe,642100
624,spitzbarth,shea,665661
625,springs,jeffrey,605488
626,stammen,craig,489334
627,stanek,ryne,592773
628,staumont,josh,622251
629,steckenrider,drew,608716
630,steele,justin,657006
631,stephan,trevor,663986
632,stephenson,robert,596112
633,stock,robert,476594
634,strahm,matt,621381
635,stratton,chris,608717
636,strickland,hunter,519326
637,strider,spencer,675911
638,stripling,ross,548389
639,stroman,marcus,573186
640,suarez,jose,660761
641,suarez,ranger,624133
642,suero,wander,593833
643,sulser,cole,642121
644,suter,brent,608718
645,swanson,erik,657024
646,syndergaard,noah,592789
647,taillon,jameson,592791
648,tapia,domingo,593619
649,tate,dillon,622253
650,tauchman,mike,643565
651,taylor,blake,642130
652,taylor,josh,657031
653,tepera,ryan,572193
654,thielbar,caleb,573204
655,thompson,keegan,624522
656,thompson,mason,666168
657,thompson,zach,605507
658,thornton,trent,663423
659,thorpe,lewis,626929
660,tinoco,jesus,622786
661,tomlin,josh,458708
662,topa,justin,623437
663,torreyes,ronald,591720
664,toussaint,touki,657053
665,treinen,blake,595014
666,trivino,lou,642152
667,turner,justin,457759
668,tyler,kyle,667725
669,uceta,edwin,670955
670,underwood,duane,621249
671,urena,jose,570632
672,urias,julio,628711
673,urquidy,jose,664353
674,valdez,cesar,491624
675,valdez,framber,664285
676,valdez,phillips,570488
677,vasquez,andrew,607755
678,velasquez,vince,592826
679,vesia,alex,681911
680,vincent,nick,543883
681,voth,austin,608723
682,wacha,michael,608379
683,wade,konner,592831
684,wainwright,adam,425794
685,walker,taijuan,592836
686,wantz,andrew,681806
687,warren,art,605521
688,warren,austin,681810
689,watkins,spenser,657093
690,watson,tony,453265
691,weathers,ryan,677960
692,weaver,luke,596133
693,webb,jacob,657097
694,webb,logan,657277
695,weber,ryan,543901
696,wells,alexander,649144
697,wells,tyler,669330
698,wendelken,j. b.,605525
699,wheeler,zack,554430
700,white,mitch,669952
701,whitley,kodi,676831
702,whitlock,garrett,676477
703,wick,rowan,592858
704,widener,taylor,642203
705,williams,devin,642207
706,williams,taylor,592865
707,williams,trevor,592866
708,wilson,bryse,669060
709,wilson,justin,458677
710,winkler,dan,595465
711,wisler,matt,605538
712,wittgren,nick,621295
713,wojciechowski,asher,592879
714,wood,alex,622072
715,woodford,jake,663765
716,woodruff,brandon,605540
717,workman,brandon,519443
718,wright,mike,605541
719,wynns,austin,642851
720,yajure,miguel,664337
721,yang,hyeon-jong,660365
722,yarbrough,ryan,642232
723,ynoa,huascar,660623
724,young,alex,622065
725,zerpa,angel,672582
726,zimmer,kyle,622092
727,zimmermann,bruce,669145
728,zuber,tyler,676604
